{"cameraMode":{"drawMode":0,"name":"Shaded","section":"Shading Mode"},"sceneLighting":false,"audioPlay":false,"sceneViewState":{"showFog":true,"showMaterialUpdate":false,"showSkybox":false,"showFlares":true,"showImageEffects":true,"showParticleSystems":true},"in2DMode":false,"pivot":{"x":2.3999974727630617,"y":0.7500001192092896,"z":-3.0399975776672365},"rotation":{"x":0.27026504278182986,"y":-0.16334427893161775,"z":0.04662786051630974,"w":0.9477159976959229},"size":3.190960645675659,"orthographic":false}